id,category,question,expected_answer,story,story_check,data_until,notes,ground_truth_sql
B01,basic,What was total net revenue in fiscal year 2025?,"net_revenue=1,484,202,121.42",,PASS,2026-10-29,,"SELECT ROUND(SUM(f.net_revenue_amount), 2) AS net_revenue FROM ${fact_sales} f JOIN ${dim_date} d ON f.invoice_date = d.date WHERE d.fiscal_year = 2025"
B02,basic,What was net revenue in September 2026?,"net_revenue=194,930,519.22",,,2026-10-29,,"SELECT ROUND(SUM(net_revenue_amount), 2) AS net_revenue FROM ${fact_sales} WHERE invoice_date BETWEEN DATE'2026-09-01' AND DATE'2026-09-30'"
B03,basic,How many invoices did we issue in September 2026?,invoices=1602,,,2026-10-29,,SELECT COUNT(DISTINCT invoice_number) AS invoices FROM ${fact_sales} WHERE invoice_type = 'ZAOR' AND NOT is_cancelled AND invoice_date BETWEEN DATE'2026-09-01' AND DATE'2026-09-30'
B04,basic,What was the average invoice value in fiscal year 2025?,"average_invoice_value=104,161.84",,,2026-10-29,,"SELECT ROUND(SUM(f.net_revenue_amount) / NULLIF(COUNT(DISTINCT CASE WHEN f.invoice_type = 'ZAOR' AND NOT f.is_cancelled THEN f.invoice_number END), 0), 2) AS average_invoice_value FROM ${fact_sales} f JOIN ${dim_date} d ON f.invoice_date = d.date WHERE d.fiscal_year = 2025"
B05,basic,How many active customers did we have in September 2026 compared with September 2025?,"sep_2026=525, sep_2025=485",,,2026-10-29,,"SELECT COUNT(DISTINCT CASE WHEN invoice_date BETWEEN DATE'2026-09-01' AND DATE'2026-09-30' THEN customer_id END) AS sep_2026, COUNT(DISTINCT CASE WHEN invoice_date BETWEEN DATE'2025-09-01' AND DATE'2025-09-30' THEN customer_id END) AS sep_2025 FROM ${fact_sales} WHERE invoice_type = 'ZAOR' AND NOT is_cancelled"
B06,trend,Show monthly net revenue for fiscal year 2025.,"month=2025-04-01, net_revenue=122,289,974.19 | month=2025-05-01, net_revenue=123,211,476.32 | month=2025-06-01, net_revenue=102,917,398.52 | month=2025-07-01, net_revenue=122,476,870.06 | month=2025-08-01, net_revenue=95,734,477.27 | month=2025-09-01, net_revenue=163,313,881.37 | month=2025-10-01, net_revenue=151,657,938.75 | month=2025-11-01, net_revenue=148,465,312.64 | month=2025-12-01, net_revenue=91,575,497.31 | month=2026-01-01, net_revenue=109,888,879.73 | ... (12 rows)",,PASS,2026-10-29,,"SELECT d.month_start_date AS month, ROUND(SUM(f.net_revenue_amount), 2) AS net_revenue FROM ${fact_sales} f JOIN ${dim_date} d ON f.invoice_date = d.date WHERE d.fiscal_year = 2025 GROUP BY d.month_start_date ORDER BY month"
B07,trend,What was month-on-month revenue growth in September 2026?,"sep_2026=194,930,519.22, aug_2026=134,679,167.58, growth_pct=44.70",,,2026-10-29,,"SELECT ROUND(SUM(CASE WHEN invoice_date BETWEEN DATE'2026-09-01' AND DATE'2026-09-30' THEN net_revenue_amount END), 2) AS sep_2026, ROUND(SUM(CASE WHEN invoice_date BETWEEN DATE'2026-08-01' AND DATE'2026-08-31' THEN net_revenue_amount END), 2) AS aug_2026, ROUND((SUM(CASE WHEN invoice_date BETWEEN DATE'2026-09-01' AND DATE'2026-09-30' THEN net_revenue_amount END) / NULLIF(SUM(CASE WHEN invoice_date BETWEEN DATE'2026-08-01' AND DATE'2026-08-31' THEN net_revenue_amount END), 0) - 1) * 100, 1) AS growth_pct FROM ${fact_sales}"
B08,trend,How did revenue in July to September 2026 compare with July to September 2025?,"q_2026=469,052,375.52, q_2025=381,525,228.70, growth_pct=22.90",,PASS,2026-10-29,,"SELECT ROUND(SUM(CASE WHEN invoice_date BETWEEN DATE'2026-07-01' AND DATE'2026-09-30' THEN net_revenue_amount END), 2) AS q_2026, ROUND(SUM(CASE WHEN invoice_date BETWEEN DATE'2025-07-01' AND DATE'2025-09-30' THEN net_revenue_amount END), 2) AS q_2025, ROUND((SUM(CASE WHEN invoice_date BETWEEN DATE'2026-07-01' AND DATE'2026-09-30' THEN net_revenue_amount END) / NULLIF(SUM(CASE WHEN invoice_date BETWEEN DATE'2025-07-01' AND DATE'2025-09-30' THEN net_revenue_amount END), 0) - 1) * 100, 1) AS growth_pct FROM ${fact_sales}"
B09,story,Which province has the lowest net revenue per active customer in fiscal year 2025?,"province=Southern, revenue_per_active_customer=1,794,371.00 | province=Western, revenue_per_active_customer=2,235,750.17 | province=North Central, revenue_per_active_customer=2,263,952.50 | province=Sabaragamuwa, revenue_per_active_customer=2,368,511.39 | province=North Western, revenue_per_active_customer=2,733,852.89 | province=Eastern, revenue_per_active_customer=2,841,569.49 | province=Uva, revenue_per_active_customer=2,857,342.92 | province=Central, revenue_per_active_customer=3,065,524.23 | province=Northern, revenue_per_active_customer=4,022,778.40",3 Southern province underperforms,PASS,2026-10-29,,"SELECT c.province, ROUND(SUM(f.net_revenue_amount) / NULLIF(COUNT(DISTINCT CASE WHEN f.invoice_type = 'ZAOR' AND NOT f.is_cancelled THEN f.customer_id END), 0), 2) AS revenue_per_active_customer FROM ${fact_sales} f JOIN ${dim_date} d ON f.invoice_date = d.date JOIN ${dim_customer} c ON f.customer_id = c.customer_id WHERE d.fiscal_year = 2025 GROUP BY c.province ORDER BY revenue_per_active_customer ASC"
B10,story,Which province has the highest net revenue per active customer in fiscal year 2025?,"province=Northern, revenue_per_active_customer=4,022,778.40 | province=Central, revenue_per_active_customer=3,065,524.23 | province=Uva, revenue_per_active_customer=2,857,342.92 | province=Eastern, revenue_per_active_customer=2,841,569.49 | province=North Western, revenue_per_active_customer=2,733,852.89 | province=Sabaragamuwa, revenue_per_active_customer=2,368,511.39 | province=North Central, revenue_per_active_customer=2,263,952.50 | province=Western, revenue_per_active_customer=2,235,750.17 | province=Southern, revenue_per_active_customer=1,794,371.00",3 Northern province is strongest,PASS,2026-10-29,,"SELECT c.province, ROUND(SUM(f.net_revenue_amount) / NULLIF(COUNT(DISTINCT CASE WHEN f.invoice_type = 'ZAOR' AND NOT f.is_cancelled THEN f.customer_id END), 0), 2) AS revenue_per_active_customer FROM ${fact_sales} f JOIN ${dim_date} d ON f.invoice_date = d.date JOIN ${dim_customer} c ON f.customer_id = c.customer_id WHERE d.fiscal_year = 2025 GROUP BY c.province ORDER BY revenue_per_active_customer DESC"
B11,basic,Rank the provinces by net revenue in fiscal year 2025.,"province=Western, net_revenue=422,556,781.53 | province=Central, net_revenue=254,438,510.84 | province=North Western, net_revenue=177,700,437.98 | province=Northern, net_revenue=152,865,579.26 | province=Eastern, net_revenue=133,553,765.88 | province=Uva, net_revenue=100,007,002.19 | province=Southern, net_revenue=96,896,034.01 | province=Sabaragamuwa, net_revenue=80,529,387.29 | province=North Central, net_revenue=65,654,622.44",,PASS,2026-10-29,,"SELECT c.province, ROUND(SUM(f.net_revenue_amount), 2) AS net_revenue FROM ${fact_sales} f JOIN ${dim_date} d ON f.invoice_date = d.date JOIN ${dim_customer} c ON f.customer_id = c.customer_id WHERE d.fiscal_year = 2025 GROUP BY c.province ORDER BY net_revenue DESC"
B12,story,What share of fiscal year 2025 net revenue came from the top 8 products?,top8_share_pct=67.40,2 A few products bring most revenue,PASS,2026-10-29,,"WITH p AS ( SELECT f.product_id, SUM(f.net_revenue_amount) AS revenue FROM ${fact_sales} f JOIN ${dim_date} d ON f.invoice_date = d.date WHERE d.fiscal_year = 2025 GROUP BY f.product_id ), ranked AS (SELECT revenue, ROW_NUMBER() OVER (ORDER BY revenue DESC) AS rn FROM p) SELECT ROUND(SUM(CASE WHEN rn <= 8 THEN revenue END) / NULLIF(SUM(revenue), 0) * 100, 1) AS top8_share_pct FROM ranked"
B13,basic,What were the top 5 products by net revenue in fiscal year 2025?,"product=HEX FUNGICIDE 4LTR (CASE), net_revenue=190,589,589.45 | product=MC600 WEEDICIDE 1LTR (CASE), net_revenue=161,443,212.20 | product=PARAQ TRADE 20LTR (CASE), net_revenue=151,312,770.21 | product=HGL INSECTICIDE 4LTR (CASE), net_revenue=129,695,862.25 | product=PARAQ TRADE 5LTR, net_revenue=110,930,744.13",,PASS,2026-10-29,,"SELECT p.product_description AS product, ROUND(SUM(f.net_revenue_amount), 2) AS net_revenue FROM ${fact_sales} f JOIN ${dim_date} d ON f.invoice_date = d.date JOIN ${dim_product} p ON f.product_id = p.product_id WHERE d.fiscal_year = 2025 GROUP BY p.product_description ORDER BY net_revenue DESC LIMIT 5"
B14,story,By how much did the price per case of weedicide products change after 1 April 2026?,"avg_price_change_pct=7.90, products=11",4 Weedicide price rise of 8% from 1 April 2026,PASS,2026-10-29,,"WITH per_product AS ( SELECT f.product_id, SUM(CASE WHEN f.invoice_date < DATE'2026-04-01' THEN f.net_revenue_amount END) / NULLIF(SUM(CASE WHEN f.invoice_date < DATE'2026-04-01' THEN f.quantity END), 0) AS price_before, SUM(CASE WHEN f.invoice_date >= DATE'2026-04-01' THEN f.net_revenue_amount END) / NULLIF(SUM(CASE WHEN f.invoice_date >= DATE'2026-04-01' THEN f.quantity END), 0) AS price_after FROM ${fact_sales} f JOIN ${dim_product} p ON f.product_id = p.product_id WHERE p.product_group_name = 'WEEDICIDE' AND f.invoice_type = 'ZAOR' GROUP BY f.product_id ) SELECT ROUND(AVG((price_after / NULLIF(price_before, 0) - 1) * 100), 1) AS avg_price_change_pct, COUNT(*) AS products FROM per_product WHERE price_before IS NOT NULL AND price_after IS NOT NULL"
B15,story,"How did weedicide units grow from April-September 2025 to April-September 2026, compared with other crop chemicals?","grp=weedicide, units_growth_pct=5.00 | grp=other crop chemicals, units_growth_pct=17.90",4 Weedicide volume lags after the price rise,PASS,2026-10-29,,"WITH u AS ( SELECT CASE WHEN p.product_group_name = 'WEEDICIDE' THEN 'weedicide' ELSE 'other crop chemicals' END AS grp, SUM(CASE WHEN f.invoice_date BETWEEN DATE'2026-04-01' AND DATE'2026-09-30' THEN f.quantity END) AS units_2026, SUM(CASE WHEN f.invoice_date BETWEEN DATE'2025-04-01' AND DATE'2025-09-30' THEN f.quantity END) AS units_2025 FROM ${fact_sales} f JOIN ${dim_product} p ON f.product_id = p.product_id WHERE p.product_group_name IN ('WEEDICIDE', 'INSECTICIDE', 'FUNGICIDE') GROUP BY 1 ) SELECT grp, ROUND((units_2026 / NULLIF(units_2025, 0) - 1) * 100, 1) AS units_growth_pct FROM u ORDER BY grp DESC"
B16,story,"When did HEX FUNGICIDE 1LTR start selling, and how have its monthly sales developed?","month=2026-06-01, net_revenue=381,307.04, first_sale_date=2026-06-17 | month=2026-07-01, net_revenue=2,362,693.91, first_sale_date=2026-06-17 | month=2026-08-01, net_revenue=5,427,496.77, first_sale_date=2026-06-17 | month=2026-09-01, net_revenue=10,359,826.19, first_sale_date=2026-06-17 | month=2026-10-01, net_revenue=15,334,741.70, first_sale_date=2026-06-17","5 HEX FUNGICIDE 1LTR launched 15 June 2026, ramping up",PASS,2026-10-29,,"SELECT d.month_start_date AS month, ROUND(SUM(f.net_revenue_amount), 2) AS net_revenue, MIN(MIN(f.invoice_date)) OVER () AS first_sale_date FROM ${fact_sales} f JOIN ${dim_date} d ON f.invoice_date = d.date WHERE f.product_id = 'HEX1LTR' GROUP BY d.month_start_date ORDER BY month"
B17,story,Which product had the highest returns rate since 1 July 2026?,"product_id=HGL400ML, product=HGL INSECTICIDE 400ML, returns_rate_pct=6.18 | product_id=ZSRV1000453, product=SYSTEM INSTALLATION SERVICE, returns_rate_pct=2.38 | product_id=HEX200ML, product=HEX FUNGICIDE 200ML, returns_rate_pct=2.38 | product_id=S-10000576, product=SYSTEM SV SPARE KIT C, returns_rate_pct=2.15 | product_id=KAR200ML, product=KAR WEEDICIDE 200ML, returns_rate_pct=1.99",6 Returns spike on HGL INSECTICIDE 400ML from 1 July 2026,PASS,2026-10-29,,"SELECT f.product_id, p.product_description AS product, ROUND(-SUM(f.returns_amount) / SUM(f.invoiced_revenue_amount) * 100, 2) AS returns_rate_pct FROM ${fact_sales} f JOIN ${dim_product} p ON f.product_id = p.product_id WHERE f.invoice_date >= DATE'2026-07-01' GROUP BY f.product_id, p.product_description HAVING SUM(f.invoiced_revenue_amount) > 0 ORDER BY returns_rate_pct DESC LIMIT 5"
B18,story,How did the returns rate of HGL INSECTICIDE 400ML change after 1 July 2026?,"before_pct=0.53, after_pct=6.18",6 Returns spike on HGL INSECTICIDE 400ML from 1 July 2026,PASS,2026-10-29,,"SELECT ROUND(-SUM(CASE WHEN invoice_date < DATE'2026-07-01' THEN returns_amount END) / NULLIF(SUM(CASE WHEN invoice_date < DATE'2026-07-01' THEN invoiced_revenue_amount END), 0) * 100, 2) AS before_pct, ROUND(-SUM(CASE WHEN invoice_date >= DATE'2026-07-01' THEN returns_amount END) / NULLIF(SUM(CASE WHEN invoice_date >= DATE'2026-07-01' THEN invoiced_revenue_amount END), 0) * 100, 2) AS after_pct FROM ${fact_sales} WHERE product_id = 'HGL400ML'"
B19,story,Which calendar months have the highest net revenue on average?,"month=9, avg_monthly_revenue=179,122,200.30 | month=3, avg_monthly_revenue=159,688,673.61 | month=10, avg_monthly_revenue=151,657,938.75 | month=11, avg_monthly_revenue=148,465,312.64 | month=4, avg_monthly_revenue=139,253,576.66 | month=5, avg_monthly_revenue=138,787,904.00 | month=7, avg_monthly_revenue=130,959,779.39 | month=8, avg_monthly_revenue=115,206,822.43 | month=6, avg_monthly_revenue=114,402,422.06 | month=1, avg_monthly_revenue=109,888,879.73 | ... (12 rows)",1 Demand peaks before Maha (Sep-Nov) and Yala (Mar-May),PASS,2026-10-29,,"WITH m AS ( SELECT d.month_start_date, d.month, SUM(f.net_revenue_amount) AS revenue FROM ${fact_sales} f JOIN ${dim_date} d ON f.invoice_date = d.date WHERE f.invoice_date < DATE'2026-10-01' GROUP BY d.month_start_date, d.month ) SELECT month, ROUND(AVG(revenue), 2) AS avg_monthly_revenue FROM m GROUP BY month ORDER BY avg_monthly_revenue DESC"
B20,basic,Compare net revenue in the Maha and Yala seasons of fiscal year 2025.,"cultivation_season=Maha, net_revenue=917,571,925.06 | cultivation_season=Yala, net_revenue=444,340,222.17 | cultivation_season=Inter-season, net_revenue=122,289,974.19",,PASS,2026-10-29,,"SELECT d.cultivation_season, ROUND(SUM(f.net_revenue_amount), 2) AS net_revenue FROM ${fact_sales} f JOIN ${dim_date} d ON f.invoice_date = d.date WHERE d.fiscal_year = 2025 GROUP BY d.cultivation_season ORDER BY net_revenue DESC"
B21,basic,What was net revenue by distribution channel in fiscal year 2025?,"channel=General Trade, net_revenue=1,142,746,961.21 | channel=Export Sales, net_revenue=333,065,196.97 | channel=Modern Trade, net_revenue=8,389,963.24",,PASS,2026-10-29,,"SELECT ch.distribution_channel_name AS channel, ROUND(SUM(f.net_revenue_amount), 2) AS net_revenue FROM ${fact_sales} f JOIN ${dim_date} d ON f.invoice_date = d.date JOIN ${dim_channel} ch ON f.distribution_channel_code = ch.distribution_channel_code WHERE d.fiscal_year = 2025 GROUP BY ch.distribution_channel_name ORDER BY net_revenue DESC"
B22,basic,Which customer group generated the most net revenue in fiscal year 2025?,"customer_group=Distributors, net_revenue=988,020,612.56 | customer_group=Unassigned, net_revenue=210,829,739.51 | customer_group=Direct Dealers, net_revenue=163,880,313.44 | customer_group=Plantations, net_revenue=77,276,657.90 | customer_group=Domestic, net_revenue=31,305,562.65 | customer_group=Government, net_revenue=10,097,823.19 | customer_group=Institution, net_revenue=2,791,412.17",,PASS,2026-10-29,,"SELECT c.customer_group_name AS customer_group, ROUND(SUM(f.net_revenue_amount), 2) AS net_revenue FROM ${fact_sales} f JOIN ${dim_date} d ON f.invoice_date = d.date JOIN ${dim_customer} c ON f.customer_id = c.customer_id WHERE d.fiscal_year = 2025 GROUP BY c.customer_group_name ORDER BY net_revenue DESC"
B23,basic,Who were the top 10 customers by net revenue in fiscal year 2025?,"customer_name=Silva Hardware Kuliyapitiya Branch 2, province=North Western, net_revenue=20,297,618.15 | customer_name=Jayasinghe Distributors Kuliyapitiya, province=North Western, net_revenue=18,291,567.97 | customer_name=Ocean Enterprises Chavakachcheri, province=Northern, net_revenue=18,215,541.44 | customer_name=Nadarajah Traders Upcot, province=Central, net_revenue=17,140,058.00 | customer_name=Sivakumar Agro Stores Kurunegala, province=North Western, net_revenue=17,110,553.58 | customer_name=Jayasinghe Distributors Pussellawa, province=Central, net_revenue=16,824,183.46 | customer_name=Jayasinghe Distributors Padukka, province=Western, net_revenue=16,765,531.59 | customer_name=Sunrise Wholesalers Bandarawela, province=Uva, net_revenue=16,679,474.45 | customer_name=Ceylon Farm Supplies Matugama, province=Western, net_revenue=16,198,083.80 | customer_name=Govi Sahana Centre Jaffna, province=Northern, net_revenue=16,143,271.34",,PASS,2026-10-29,,"SELECT c.customer_name, c.province, ROUND(SUM(f.net_revenue_amount), 2) AS net_revenue FROM ${fact_sales} f JOIN ${dim_date} d ON f.invoice_date = d.date JOIN ${dim_customer} c ON f.customer_id = c.customer_id WHERE d.fiscal_year = 2025 GROUP BY c.customer_name, c.province ORDER BY net_revenue DESC LIMIT 10"
B24,basic,"How much revenue did returns cost us in fiscal year 2025, and what was the returns rate?","returns_value=9,280,515.57, returns_rate_pct=0.62",,,2026-10-29,,"SELECT ROUND(-SUM(f.returns_amount), 2) AS returns_value, ROUND(-SUM(f.returns_amount) / NULLIF(SUM(f.invoiced_revenue_amount), 0) * 100, 2) AS returns_rate_pct FROM ${fact_sales} f JOIN ${dim_date} d ON f.invoice_date = d.date WHERE d.fiscal_year = 2025"
B25,basic,How many invoices were cancelled in fiscal year 2025 and what was their value?,"cancellation_documents=111, cancelled_value=10,220,903.31",,,2026-10-29,,"SELECT COUNT(DISTINCT f.invoice_number) AS cancellation_documents, ROUND(-SUM(f.cancellations_amount), 2) AS cancelled_value FROM ${fact_sales} f JOIN ${dim_date} d ON f.invoice_date = d.date WHERE d.fiscal_year = 2025 AND f.invoice_type = 'S1'"
B26,basic,What was gross margin % by product group in fiscal year 2025?,"product_group=WEEDICIDE, gross_margin_pct=6.40, net_revenue=820,149,167.64 | product_group=INSECTICIDE, gross_margin_pct=28.51, net_revenue=390,491,930.88 | product_group=FUNGICIDE, gross_margin_pct=24.33, net_revenue=239,095,821.17 | product_group=Services, gross_margin_pct=62.50, net_revenue=13,965,696.12 | product_group=UNSPECIFY- PTC, gross_margin_pct=5.80, net_revenue=12,874,590.06 | product_group=Net work Switch, gross_margin_pct=12.56, net_revenue=2,778,187.62 | product_group=SYSTEM-SL1000, gross_margin_pct=50.59, net_revenue=2,432,395.85 | product_group=SYSTEM-SV, gross_margin_pct=45.36, net_revenue=1,911,018.55 | product_group=SEEDLING TRAYS, gross_margin_pct=3.87, net_revenue=503,313.53",,,2026-10-29,,"SELECT p.product_group_name AS product_group, ROUND(SUM(f.margin_amount) / NULLIF(SUM(f.net_revenue_amount), 0) * 100, 2) AS gross_margin_pct, ROUND(SUM(f.net_revenue_amount), 2) AS net_revenue FROM ${fact_sales} f JOIN ${dim_date} d ON f.invoice_date = d.date JOIN ${dim_product} p ON f.product_id = p.product_id WHERE d.fiscal_year = 2025 GROUP BY p.product_group_name ORDER BY net_revenue DESC"
B27,tricky,What were sales last month?,"month=2026-09-01, net_revenue=194,930,519.22",,,2026-10-29,"""Last month"" = the last COMPLETE calendar month in the data, not the current partial month.","WITH last AS ( SELECT CASE WHEN MAX(invoice_date) = LAST_DAY(MAX(invoice_date)) THEN TRUNC(MAX(invoice_date), 'MM') ELSE ADD_MONTHS(TRUNC(MAX(invoice_date), 'MM'), -1) END AS m FROM ${fact_sales}) SELECT l.m AS month, ROUND(SUM(f.net_revenue_amount), 2) AS net_revenue FROM ${fact_sales} f CROSS JOIN last l WHERE TRUNC(f.invoice_date, 'MM') = l.m GROUP BY l.m"
B28,tricky,How are sales this month compared with the same days last month?,"month=2026-10-01, data_until=2026-10-29, month_to_date=186,047,572.27, same_days_last_month=186,043,598.93",,,2026-10-29,"The current month is incomplete, so compare like-for-like (day 1 to today vs the same days last month).","WITH b AS (SELECT MAX(invoice_date) AS today, TRUNC(MAX(invoice_date), 'MM') AS m0 FROM ${fact_sales}) SELECT b.m0 AS month, b.today AS data_until, ROUND(SUM(CASE WHEN f.invoice_date BETWEEN b.m0 AND b.today THEN f.net_revenue_amount END), 2) AS month_to_date, ROUND(SUM(CASE WHEN f.invoice_date BETWEEN ADD_MONTHS(b.m0, -1) AND ADD_MONTHS(b.today, -1) THEN f.net_revenue_amount END), 2) AS same_days_last_month FROM ${fact_sales} f CROSS JOIN b GROUP BY b.m0, b.today"
B29,tricky,Which district in Western province had the highest net revenue in fiscal year 2025?,"district=Colombo, net_revenue=233,714,464.71 | district=Gampaha, net_revenue=111,893,019.64 | district=Kalutara, net_revenue=76,949,297.18",,,2026-10-29,,"SELECT c.district_name AS district, ROUND(SUM(f.net_revenue_amount), 2) AS net_revenue FROM ${fact_sales} f JOIN ${dim_date} d ON f.invoice_date = d.date JOIN ${dim_customer} c ON f.customer_id = c.customer_id WHERE d.fiscal_year = 2025 AND c.province = 'Western' GROUP BY c.district_name ORDER BY net_revenue DESC"
B30,story,Have sales of MC600 WEEDICIDE 1LTR in Western province stopped since 23 October 2026?,"units_since_23_oct=0.00, avg_daily_units_before=99.50",7 Top seller MC600 WEEDICIDE 1LTR out of stock in Western from 23 October 2026,PASS,2026-10-29,,"SELECT COALESCE(SUM(CASE WHEN f.invoice_date >= DATE'2026-10-23' AND f.invoice_type = 'ZAOR' THEN f.quantity END), 0) AS units_since_23_oct, ROUND(SUM(CASE WHEN f.invoice_date BETWEEN DATE'2026-09-23' AND DATE'2026-10-22' AND f.invoice_type = 'ZAOR' THEN f.quantity END) / 30, 1) AS avg_daily_units_before FROM ${fact_sales} f JOIN ${dim_customer} c ON f.customer_id = c.customer_id WHERE f.product_id = 'MC6001LT' AND c.province = 'Western'"
